,Date,Win Number,Win Type
0,2024-12-30,18,additional
1,2024-12-30,3,win
2,2024-12-30,10,win
3,2024-12-30,13,win
4,2024-12-30,29,win
5,2024-12-30,32,win
6,2024-12-30,46,win
0,2024-12-26,39,additional
1,2024-12-26,8,win
2,2024-12-26,21,win
3,2024-12-26,30,win
4,2024-12-26,35,win
5,2024-12-26,44,win
6,2024-12-26,49,win
7,2024-12-23,19,additional
8,2024-12-23,34,win
9,2024-12-23,40,win
10,2024-12-23,42,win
11,2024-12-23,44,win
12,2024-12-23,45,win
13,2024-12-23,46,win
14,2024-12-19,42,additional
15,2024-12-19,3,win
16,2024-12-19,9,win
17,2024-12-19,10,win
18,2024-12-19,20,win
19,2024-12-19,23,win
20,2024-12-19,32,win
21,2024-12-16,45,additional
22,2024-12-16,13,win
23,2024-12-16,19,win
24,2024-12-16,22,win
25,2024-12-16,26,win
26,2024-12-16,40,win
27,2024-12-16,49,win
28,2024-12-12,8,additional
29,2024-12-12,17,win
30,2024-12-12,18,win
31,2024-12-12,19,win
32,2024-12-12,31,win
33,2024-12-12,32,win
34,2024-12-12,33,win
35,2024-12-09,23,additional
36,2024-12-09,1,win
37,2024-12-09,4,win
38,2024-12-09,8,win
39,2024-12-09,10,win
40,2024-12-09,16,win
41,2024-12-09,46,win
42,2024-12-05,13,additional
43,2024-12-05,8,win
44,2024-12-05,14,win
45,2024-12-05,15,win
46,2024-12-05,20,win
47,2024-12-05,31,win
48,2024-12-05,49,win
49,2024-12-02,44,additional
50,2024-12-02,10,win
51,2024-12-02,11,win
52,2024-12-02,12,win
53,2024-12-02,21,win
54,2024-12-02,41,win
55,2024-12-02,49,win
56,2024-11-28,35,additional
57,2024-11-28,1,win
58,2024-11-28,2,win
59,2024-11-28,4,win
60,2024-11-28,15,win
61,2024-11-28,18,win
62,2024-11-28,24,win
63,2024-11-25,23,additional
64,2024-11-25,26,win
65,2024-11-25,28,win
66,2024-11-25,31,win
67,2024-11-25,38,win
68,2024-11-25,41,win
69,2024-11-25,42,win
70,2024-11-21,36,additional
71,2024-11-21,4,win
72,2024-11-21,7,win
73,2024-11-21,11,win
74,2024-11-21,14,win
75,2024-11-21,21,win
76,2024-11-21,28,win
77,2024-11-18,20,additional
78,2024-11-18,1,win
79,2024-11-18,2,win
80,2024-11-18,14,win
81,2024-11-18,36,win
82,2024-11-18,44,win
83,2024-11-18,46,win
84,2024-11-14,37,additional
85,2024-11-14,12,win
86,2024-11-14,16,win
87,2024-11-14,29,win
88,2024-11-14,36,win
89,2024-11-14,39,win
90,2024-11-14,40,win
91,2024-11-11,30,additional
92,2024-11-11,13,win
93,2024-11-11,28,win
94,2024-11-11,39,win
95,2024-11-11,43,win
96,2024-11-11,46,win
97,2024-11-11,48,win
98,2024-11-07,28,additional
99,2024-11-07,4,win
100,2024-11-07,12,win
101,2024-11-07,17,win
102,2024-11-07,18,win
103,2024-11-07,23,win
104,2024-11-07,34,win
105,2024-11-04,36,additional
106,2024-11-04,14,win
107,2024-11-04,18,win
108,2024-11-04,25,win
109,2024-11-04,28,win
110,2024-11-04,29,win
111,2024-11-04,44,win
112,2024-10-31,35,additional
113,2024-10-31,2,win
114,2024-10-31,6,win
115,2024-10-31,10,win
116,2024-10-31,17,win
117,2024-10-31,18,win
118,2024-10-31,49,win
119,2024-10-28,6,additional
120,2024-10-28,10,win
121,2024-10-28,16,win
122,2024-10-28,33,win
123,2024-10-28,37,win
124,2024-10-28,45,win
125,2024-10-28,47,win
126,2024-10-24,36,additional
127,2024-10-24,20,win
128,2024-10-24,24,win
129,2024-10-24,28,win
130,2024-10-24,37,win
131,2024-10-24,46,win
132,2024-10-24,47,win
133,2024-10-21,31,additional
134,2024-10-21,4,win
135,2024-10-21,13,win
136,2024-10-21,19,win
137,2024-10-21,44,win
138,2024-10-21,46,win
139,2024-10-21,49,win
140,2024-10-17,22,additional
141,2024-10-17,2,win
142,2024-10-17,4,win
143,2024-10-17,10,win
144,2024-10-17,25,win
145,2024-10-17,36,win
146,2024-10-17,38,win
147,2024-10-14,10,additional
148,2024-10-14,12,win
149,2024-10-14,33,win
150,2024-10-14,39,win
151,2024-10-14,42,win
152,2024-10-14,43,win
153,2024-10-14,48,win
154,2024-10-10,30,additional
155,2024-10-10,1,win
156,2024-10-10,17,win
157,2024-10-10,24,win
158,2024-10-10,25,win
159,2024-10-10,27,win
160,2024-10-10,39,win
161,2024-10-07,8,additional
162,2024-10-07,16,win
163,2024-10-07,22,win
164,2024-10-07,23,win
165,2024-10-07,31,win
166,2024-10-07,41,win
167,2024-10-07,49,win
168,2024-10-03,28,additional
169,2024-10-03,2,win
170,2024-10-03,9,win
171,2024-10-03,15,win
172,2024-10-03,17,win
173,2024-10-03,40,win
174,2024-10-03,48,win
175,2024-09-30,15,additional
176,2024-09-30,4,win
177,2024-09-30,33,win
178,2024-09-30,34,win
179,2024-09-30,38,win
180,2024-09-30,40,win
181,2024-09-30,43,win
182,2024-09-26,14,additional
183,2024-09-26,17,win
184,2024-09-26,23,win
185,2024-09-26,26,win
186,2024-09-26,31,win
187,2024-09-26,38,win
188,2024-09-26,40,win
189,2024-09-23,1,additional
190,2024-09-23,9,win
191,2024-09-23,20,win
192,2024-09-23,22,win
193,2024-09-23,32,win
194,2024-09-23,37,win
195,2024-09-23,47,win
196,2024-09-19,1,additional
197,2024-09-19,7,win
198,2024-09-19,13,win
199,2024-09-19,17,win
200,2024-09-19,22,win
201,2024-09-19,31,win
202,2024-09-19,37,win
203,2024-09-16,21,additional
204,2024-09-16,2,win
205,2024-09-16,8,win
206,2024-09-16,15,win
207,2024-09-16,19,win
208,2024-09-16,33,win
209,2024-09-16,38,win
210,2024-09-12,12,additional
211,2024-09-12,5,win
212,2024-09-12,6,win
213,2024-09-12,14,win
214,2024-09-12,36,win
215,2024-09-12,45,win
216,2024-09-12,49,win
217,2024-09-09,6,additional
218,2024-09-09,1,win
219,2024-09-09,4,win
220,2024-09-09,10,win
221,2024-09-09,16,win
222,2024-09-09,18,win
223,2024-09-09,29,win
224,2024-09-05,2,additional
225,2024-09-05,1,win
226,2024-09-05,13,win
227,2024-09-05,27,win
228,2024-09-05,38,win
229,2024-09-05,40,win
230,2024-09-05,43,win
231,2024-09-02,16,additional
232,2024-09-02,6,win
233,2024-09-02,7,win
234,2024-09-02,13,win
235,2024-09-02,30,win
236,2024-09-02,37,win
237,2024-09-02,39,win
238,2024-08-29,29,additional
239,2024-08-29,3,win
240,2024-08-29,9,win
241,2024-08-29,10,win
242,2024-08-29,12,win
243,2024-08-29,27,win
244,2024-08-29,41,win
245,2024-08-26,33,additional
246,2024-08-26,6,win
247,2024-08-26,8,win
248,2024-08-26,18,win
249,2024-08-26,34,win
250,2024-08-26,35,win
251,2024-08-26,37,win
252,2024-08-22,41,additional
253,2024-08-22,2,win
254,2024-08-22,5,win
255,2024-08-22,8,win
256,2024-08-22,43,win
257,2024-08-22,45,win
258,2024-08-22,48,win
259,2024-08-19,12,additional
260,2024-08-19,2,win
261,2024-08-19,3,win
262,2024-08-19,16,win
263,2024-08-19,26,win
264,2024-08-19,29,win
265,2024-08-19,41,win
266,2024-08-15,48,additional
267,2024-08-15,15,win
268,2024-08-15,24,win
269,2024-08-15,35,win
270,2024-08-15,36,win
271,2024-08-15,42,win
272,2024-08-15,46,win
273,2024-08-12,11,additional
274,2024-08-12,2,win
275,2024-08-12,8,win
276,2024-08-12,27,win
277,2024-08-12,33,win
278,2024-08-12,34,win
279,2024-08-12,43,win
280,2024-08-08,31,additional
281,2024-08-08,23,win
282,2024-08-08,26,win
283,2024-08-08,32,win
284,2024-08-08,36,win
285,2024-08-08,41,win
286,2024-08-08,49,win
287,2024-08-05,22,additional
288,2024-08-05,1,win
289,2024-08-05,12,win
290,2024-08-05,15,win
291,2024-08-05,30,win
292,2024-08-05,42,win
293,2024-08-05,43,win
294,2024-08-02,21,additional
295,2024-08-02,14,win
296,2024-08-02,16,win
297,2024-08-02,22,win
298,2024-08-02,23,win
299,2024-08-02,36,win
300,2024-08-02,42,win
301,2024-07-29,28,additional
302,2024-07-29,19,win
303,2024-07-29,24,win
304,2024-07-29,29,win
305,2024-07-29,30,win
306,2024-07-29,31,win
307,2024-07-29,46,win
308,2024-07-25,33,additional
309,2024-07-25,14,win
310,2024-07-25,21,win
311,2024-07-25,34,win
312,2024-07-25,35,win
313,2024-07-25,43,win
314,2024-07-25,49,win
315,2024-07-22,44,additional
316,2024-07-22,4,win
317,2024-07-22,9,win
318,2024-07-22,12,win
319,2024-07-22,15,win
320,2024-07-22,37,win
321,2024-07-22,47,win
322,2024-07-18,38,additional
323,2024-07-18,8,win
324,2024-07-18,10,win
325,2024-07-18,11,win
326,2024-07-18,12,win
327,2024-07-18,14,win
328,2024-07-18,20,win
329,2024-07-15,10,additional
330,2024-07-15,4,win
331,2024-07-15,6,win
332,2024-07-15,17,win
333,2024-07-15,32,win
334,2024-07-15,37,win
335,2024-07-15,41,win
336,2024-07-11,6,additional
337,2024-07-11,15,win
338,2024-07-11,17,win
339,2024-07-11,22,win
340,2024-07-11,32,win
341,2024-07-11,34,win
342,2024-07-11,40,win
343,2024-07-08,35,additional
344,2024-07-08,15,win
345,2024-07-08,18,win
346,2024-07-08,29,win
347,2024-07-08,34,win
348,2024-07-08,38,win
349,2024-07-08,44,win
350,2024-07-04,33,additional
351,2024-07-04,4,win
352,2024-07-04,9,win
353,2024-07-04,12,win
354,2024-07-04,15,win
355,2024-07-04,31,win
356,2024-07-04,44,win
357,2024-07-01,39,additional
358,2024-07-01,11,win
359,2024-07-01,19,win
360,2024-07-01,21,win
361,2024-07-01,26,win
362,2024-07-01,28,win
363,2024-07-01,33,win
364,2024-06-27,5,additional
365,2024-06-27,1,win
366,2024-06-27,8,win
367,2024-06-27,11,win
368,2024-06-27,14,win
369,2024-06-27,17,win
370,2024-06-27,30,win
371,2024-06-24,25,additional
372,2024-06-24,20,win
373,2024-06-24,23,win
374,2024-06-24,28,win
375,2024-06-24,30,win
376,2024-06-24,34,win
377,2024-06-24,49,win
378,2024-06-20,27,additional
379,2024-06-20,3,win
380,2024-06-20,12,win
381,2024-06-20,14,win
382,2024-06-20,16,win
383,2024-06-20,17,win
384,2024-06-20,30,win
385,2024-06-17,19,additional
386,2024-06-17,8,win
387,2024-06-17,10,win
388,2024-06-17,12,win
389,2024-06-17,16,win
390,2024-06-17,17,win
391,2024-06-17,30,win
392,2024-06-13,21,additional
393,2024-06-13,4,win
394,2024-06-13,7,win
395,2024-06-13,10,win
396,2024-06-13,17,win
397,2024-06-13,30,win
398,2024-06-13,41,win
399,2024-06-10,43,additional
400,2024-06-10,1,win
401,2024-06-10,10,win
402,2024-06-10,13,win
403,2024-06-10,23,win
404,2024-06-10,31,win
405,2024-06-10,34,win
406,2024-06-06,12,additional
407,2024-06-06,4,win
408,2024-06-06,5,win
409,2024-06-06,10,win
410,2024-06-06,14,win
411,2024-06-06,35,win
412,2024-06-06,43,win
413,2024-06-03,11,additional
414,2024-06-03,1,win
415,2024-06-03,28,win
416,2024-06-03,30,win
417,2024-06-03,32,win
418,2024-06-03,33,win
419,2024-06-03,39,win
420,2024-05-30,21,additional
421,2024-05-30,6,win
422,2024-05-30,9,win
423,2024-05-30,11,win
424,2024-05-30,17,win
425,2024-05-30,28,win
426,2024-05-30,45,win
427,2024-05-27,17,additional
428,2024-05-27,14,win
429,2024-05-27,23,win
430,2024-05-27,28,win
431,2024-05-27,34,win
432,2024-05-27,41,win
433,2024-05-27,48,win
434,2024-05-23,6,additional
435,2024-05-23,3,win
436,2024-05-23,4,win
437,2024-05-23,22,win
438,2024-05-23,27,win
439,2024-05-23,39,win
440,2024-05-23,43,win
441,2024-05-20,37,additional
442,2024-05-20,7,win
443,2024-05-20,10,win
444,2024-05-20,32,win
445,2024-05-20,33,win
446,2024-05-20,39,win
447,2024-05-20,48,win
448,2024-05-16,24,additional
449,2024-05-16,2,win
450,2024-05-16,12,win
451,2024-05-16,15,win
452,2024-05-16,28,win
453,2024-05-16,35,win
454,2024-05-16,48,win
455,2024-05-13,42,additional
456,2024-05-13,2,win
457,2024-05-13,16,win
458,2024-05-13,17,win
459,2024-05-13,22,win
460,2024-05-13,24,win
461,2024-05-13,49,win
462,2024-05-09,36,additional
463,2024-05-09,9,win
464,2024-05-09,15,win
465,2024-05-09,20,win
466,2024-05-09,26,win
467,2024-05-09,43,win
468,2024-05-09,49,win
469,2024-05-06,36,additional
470,2024-05-06,1,win
471,2024-05-06,5,win
472,2024-05-06,9,win
473,2024-05-06,31,win
474,2024-05-06,33,win
475,2024-05-06,37,win
476,2024-05-02,7,additional
477,2024-05-02,4,win
478,2024-05-02,5,win
479,2024-05-02,31,win
480,2024-05-02,37,win
481,2024-05-02,43,win
482,2024-05-02,46,win
483,2024-04-29,30,additional
484,2024-04-29,2,win
485,2024-04-29,7,win
486,2024-04-29,12,win
487,2024-04-29,31,win
488,2024-04-29,36,win
489,2024-04-29,45,win
490,2024-04-25,35,additional
491,2024-04-25,5,win
492,2024-04-25,9,win
493,2024-04-25,11,win
494,2024-04-25,18,win
495,2024-04-25,28,win
496,2024-04-25,36,win
497,2024-04-22,23,additional
498,2024-04-22,6,win
499,2024-04-22,8,win
500,2024-04-22,11,win
501,2024-04-22,16,win
502,2024-04-22,33,win
503,2024-04-22,37,win
504,2024-04-18,49,additional
505,2024-04-18,18,win
506,2024-04-18,22,win
507,2024-04-18,29,win
508,2024-04-18,32,win
509,2024-04-18,37,win
510,2024-04-18,47,win
511,2024-04-15,19,additional
512,2024-04-15,5,win
513,2024-04-15,10,win
514,2024-04-15,28,win
515,2024-04-15,36,win
516,2024-04-15,41,win
517,2024-04-15,42,win
518,2024-04-11,16,additional
519,2024-04-11,22,win
520,2024-04-11,28,win
521,2024-04-11,33,win
522,2024-04-11,40,win
523,2024-04-11,43,win
524,2024-04-11,47,win
525,2024-04-08,42,additional
526,2024-04-08,12,win
527,2024-04-08,23,win
528,2024-04-08,24,win
529,2024-04-08,34,win
530,2024-04-08,43,win
531,2024-04-08,46,win
532,2024-04-04,19,additional
533,2024-04-04,3,win
534,2024-04-04,4,win
535,2024-04-04,13,win
536,2024-04-04,31,win
537,2024-04-04,36,win
538,2024-04-04,43,win
539,2024-04-01,15,additional
540,2024-04-01,3,win
541,2024-04-01,12,win
542,2024-04-01,18,win
543,2024-04-01,19,win
544,2024-04-01,27,win
545,2024-04-01,41,win
546,2024-03-28,18,additional
547,2024-03-28,6,win
548,2024-03-28,8,win
549,2024-03-28,13,win
550,2024-03-28,17,win
551,2024-03-28,26,win
552,2024-03-28,37,win
553,2024-03-25,21,additional
554,2024-03-25,4,win
555,2024-03-25,23,win
556,2024-03-25,25,win
557,2024-03-25,27,win
558,2024-03-25,28,win
559,2024-03-25,32,win
560,2024-03-21,15,additional
561,2024-03-21,6,win
562,2024-03-21,8,win
563,2024-03-21,18,win
564,2024-03-21,19,win
565,2024-03-21,33,win
566,2024-03-21,44,win
567,2024-03-18,45,additional
568,2024-03-18,1,win
569,2024-03-18,4,win
570,2024-03-18,6,win
571,2024-03-18,15,win
572,2024-03-18,30,win
573,2024-03-18,48,win
574,2024-03-14,36,additional
575,2024-03-14,8,win
576,2024-03-14,26,win
577,2024-03-14,34,win
578,2024-03-14,35,win
579,2024-03-14,45,win
580,2024-03-14,46,win
581,2024-03-11,33,additional
582,2024-03-11,5,win
583,2024-03-11,9,win
584,2024-03-11,30,win
585,2024-03-11,37,win
586,2024-03-11,40,win
587,2024-03-11,49,win
588,2024-03-07,44,additional
589,2024-03-07,5,win
590,2024-03-07,11,win
591,2024-03-07,15,win
592,2024-03-07,20,win
593,2024-03-07,31,win
594,2024-03-07,47,win
595,2024-03-04,3,additional
596,2024-03-04,13,win
597,2024-03-04,17,win
598,2024-03-04,25,win
599,2024-03-04,27,win
600,2024-03-04,28,win
601,2024-03-04,44,win
602,2024-02-29,16,additional
603,2024-02-29,1,win
604,2024-02-29,14,win
605,2024-02-29,28,win
606,2024-02-29,44,win
607,2024-02-29,45,win
608,2024-02-29,49,win
609,2024-02-26,10,additional
610,2024-02-26,2,win
611,2024-02-26,8,win
612,2024-02-26,14,win
613,2024-02-26,27,win
614,2024-02-26,39,win
615,2024-02-26,42,win
616,2024-02-23,40,additional
617,2024-02-23,18,win
618,2024-02-23,21,win
619,2024-02-23,26,win
620,2024-02-23,35,win
621,2024-02-23,38,win
622,2024-02-23,43,win
623,2024-02-19,27,additional
624,2024-02-19,1,win
625,2024-02-19,10,win
626,2024-02-19,21,win
627,2024-02-19,29,win
628,2024-02-19,35,win
629,2024-02-19,42,win
630,2024-02-15,5,additional
631,2024-02-15,15,win
632,2024-02-15,18,win
633,2024-02-15,22,win
634,2024-02-15,35,win
635,2024-02-15,41,win
636,2024-02-15,48,win
637,2024-02-12,41,additional
638,2024-02-12,9,win
639,2024-02-12,16,win
640,2024-02-12,20,win
641,2024-02-12,25,win
642,2024-02-12,31,win
643,2024-02-12,39,win
644,2024-02-08,49,additional
645,2024-02-08,6,win
646,2024-02-08,16,win
647,2024-02-08,21,win
648,2024-02-08,27,win
649,2024-02-08,31,win
650,2024-02-08,37,win
651,2024-02-05,13,additional
652,2024-02-05,14,win
653,2024-02-05,17,win
654,2024-02-05,20,win
655,2024-02-05,25,win
656,2024-02-05,28,win
657,2024-02-05,37,win
658,2024-02-02,12,additional
659,2024-02-02,2,win
660,2024-02-02,27,win
661,2024-02-02,29,win
662,2024-02-02,36,win
663,2024-02-02,44,win
664,2024-02-02,48,win
665,2024-01-29,27,additional
666,2024-01-29,20,win
667,2024-01-29,22,win
668,2024-01-29,24,win
669,2024-01-29,28,win
670,2024-01-29,40,win
671,2024-01-29,49,win
672,2024-01-25,20,additional
673,2024-01-25,10,win
674,2024-01-25,18,win
675,2024-01-25,44,win
676,2024-01-25,45,win
677,2024-01-25,48,win
678,2024-01-25,49,win
679,2024-01-22,6,additional
680,2024-01-22,1,win
681,2024-01-22,3,win
682,2024-01-22,8,win
683,2024-01-22,13,win
684,2024-01-22,40,win
685,2024-01-22,48,win
686,2024-01-18,43,additional
687,2024-01-18,5,win
688,2024-01-18,28,win
689,2024-01-18,30,win
690,2024-01-18,37,win
691,2024-01-18,38,win
692,2024-01-18,41,win
693,2024-01-15,4,additional
694,2024-01-15,24,win
695,2024-01-15,25,win
696,2024-01-15,26,win
697,2024-01-15,28,win
698,2024-01-15,30,win
699,2024-01-15,35,win
700,2024-01-11,13,additional
701,2024-01-11,2,win
702,2024-01-11,9,win
703,2024-01-11,10,win
704,2024-01-11,43,win
705,2024-01-11,45,win
706,2024-01-11,46,win
707,2024-01-08,37,additional
708,2024-01-08,11,win
709,2024-01-08,20,win
710,2024-01-08,28,win
711,2024-01-08,30,win
712,2024-01-08,36,win
713,2024-01-08,38,win
714,2024-01-05,22,additional
715,2024-01-05,7,win
716,2024-01-05,12,win
717,2024-01-05,17,win
718,2024-01-05,20,win
719,2024-01-05,31,win
720,2024-01-05,35,win
721,2024-01-01,5,additional
722,2024-01-01,8,win
723,2024-01-01,16,win
724,2024-01-01,23,win
725,2024-01-01,24,win
726,2024-01-01,36,win
727,2024-01-01,48,win
728,2023-12-28,15,additional
729,2023-12-28,13,win
730,2023-12-28,17,win
731,2023-12-28,18,win
732,2023-12-28,24,win
733,2023-12-28,37,win
734,2023-12-28,41,win
735,2023-12-25,47,additional
736,2023-12-25,11,win
737,2023-12-25,12,win
738,2023-12-25,19,win
739,2023-12-25,23,win
740,2023-12-25,25,win
741,2023-12-25,41,win
742,2023-12-21,18,additional
743,2023-12-21,7,win
744,2023-12-21,8,win
745,2023-12-21,24,win
746,2023-12-21,25,win
747,2023-12-21,29,win
748,2023-12-21,40,win
749,2023-12-18,44,additional
750,2023-12-18,12,win
751,2023-12-18,15,win
752,2023-12-18,16,win
753,2023-12-18,23,win
754,2023-12-18,24,win
755,2023-12-18,38,win
756,2023-12-14,5,additional
757,2023-12-14,22,win
758,2023-12-14,32,win
759,2023-12-14,34,win
760,2023-12-14,39,win
761,2023-12-14,40,win
762,2023-12-14,42,win
763,2023-12-11,31,additional
764,2023-12-11,9,win
765,2023-12-11,12,win
766,2023-12-11,21,win
767,2023-12-11,22,win
768,2023-12-11,44,win
769,2023-12-11,47,win
770,2023-12-07,48,additional
771,2023-12-07,10,win
772,2023-12-07,16,win
773,2023-12-07,25,win
774,2023-12-07,29,win
775,2023-12-07,42,win
776,2023-12-07,44,win
777,2023-12-04,22,additional
778,2023-12-04,6,win
779,2023-12-04,18,win
780,2023-12-04,26,win
781,2023-12-04,31,win
782,2023-12-04,37,win
783,2023-12-04,38,win
784,2023-11-30,17,additional
785,2023-11-30,3,win
786,2023-11-30,32,win
787,2023-11-30,34,win
788,2023-11-30,38,win
789,2023-11-30,41,win
790,2023-11-30,42,win
791,2023-11-27,23,additional
792,2023-11-27,16,win
793,2023-11-27,19,win
794,2023-11-27,20,win
795,2023-11-27,26,win
796,2023-11-27,33,win
797,2023-11-27,40,win
798,2023-11-23,35,additional
799,2023-11-23,2,win
800,2023-11-23,24,win
801,2023-11-23,30,win
802,2023-11-23,37,win
803,2023-11-23,43,win
804,2023-11-23,45,win
805,2023-11-20,47,additional
806,2023-11-20,12,win
807,2023-11-20,13,win
808,2023-11-20,18,win
809,2023-11-20,22,win
810,2023-11-20,25,win
811,2023-11-20,28,win
812,2023-11-16,22,additional
813,2023-11-16,10,win
814,2023-11-16,13,win
815,2023-11-16,15,win
816,2023-11-16,28,win
817,2023-11-16,29,win
818,2023-11-16,37,win
819,2023-11-13,31,additional
820,2023-11-13,6,win
821,2023-11-13,10,win
822,2023-11-13,16,win
823,2023-11-13,24,win
824,2023-11-13,27,win
825,2023-11-13,43,win
826,2023-11-09,45,additional
827,2023-11-09,2,win
828,2023-11-09,3,win
829,2023-11-09,11,win
830,2023-11-09,17,win
831,2023-11-09,35,win
832,2023-11-09,40,win
833,2023-11-06,4,additional
834,2023-11-06,11,win
835,2023-11-06,20,win
836,2023-11-06,22,win
837,2023-11-06,28,win
838,2023-11-06,32,win
839,2023-11-06,37,win
840,2023-11-02,49,additional
841,2023-11-02,3,win
842,2023-11-02,12,win
843,2023-11-02,22,win
844,2023-11-02,29,win
845,2023-11-02,35,win
846,2023-11-02,42,win
847,2023-10-30,28,additional
848,2023-10-30,12,win
849,2023-10-30,24,win
850,2023-10-30,26,win
851,2023-10-30,32,win
852,2023-10-30,34,win
853,2023-10-30,38,win
854,2023-10-26,48,additional
855,2023-10-26,1,win
856,2023-10-26,6,win
857,2023-10-26,17,win
858,2023-10-26,19,win
859,2023-10-26,34,win
860,2023-10-26,45,win
861,2023-10-23,8,additional
862,2023-10-23,2,win
863,2023-10-23,3,win
864,2023-10-23,13,win
865,2023-10-23,15,win
866,2023-10-23,34,win
867,2023-10-23,37,win
868,2023-10-19,6,additional
869,2023-10-19,1,win
870,2023-10-19,7,win
871,2023-10-19,16,win
872,2023-10-19,20,win
873,2023-10-19,35,win
874,2023-10-19,41,win
875,2023-10-16,6,additional
876,2023-10-16,21,win
877,2023-10-16,27,win
878,2023-10-16,30,win
879,2023-10-16,38,win
880,2023-10-16,40,win
881,2023-10-16,44,win
882,2023-10-12,43,additional
883,2023-10-12,14,win
884,2023-10-12,15,win
885,2023-10-12,26,win
886,2023-10-12,35,win
887,2023-10-12,44,win
888,2023-10-12,46,win
889,2023-10-09,43,additional
890,2023-10-09,1,win
891,2023-10-09,5,win
892,2023-10-09,9,win
893,2023-10-09,25,win
894,2023-10-09,44,win
895,2023-10-09,49,win
896,2023-10-05,16,additional
897,2023-10-05,4,win
898,2023-10-05,7,win
899,2023-10-05,9,win
900,2023-10-05,38,win
901,2023-10-05,41,win
902,2023-10-05,42,win
903,2023-10-02,11,additional
904,2023-10-02,2,win
905,2023-10-02,10,win
906,2023-10-02,12,win
907,2023-10-02,13,win
908,2023-10-02,45,win
909,2023-10-02,48,win
910,2023-09-28,9,additional
911,2023-09-28,3,win
912,2023-09-28,13,win
913,2023-09-28,23,win
914,2023-09-28,28,win
915,2023-09-28,37,win
916,2023-09-28,38,win
917,2023-09-25,25,additional
918,2023-09-25,3,win
919,2023-09-25,14,win
920,2023-09-25,19,win
921,2023-09-25,23,win
922,2023-09-25,28,win
923,2023-09-25,43,win
924,2023-09-21,37,additional
925,2023-09-21,2,win
926,2023-09-21,8,win
927,2023-09-21,28,win
928,2023-09-21,31,win
929,2023-09-21,48,win
930,2023-09-21,49,win
931,2023-09-18,44,additional
932,2023-09-18,4,win
933,2023-09-18,7,win
934,2023-09-18,27,win
935,2023-09-18,32,win
936,2023-09-18,37,win
937,2023-09-18,49,win
938,2023-09-14,28,additional
939,2023-09-14,14,win
940,2023-09-14,18,win
941,2023-09-14,24,win
942,2023-09-14,26,win
943,2023-09-14,37,win
944,2023-09-14,45,win
945,2023-09-11,17,additional
946,2023-09-11,1,win
947,2023-09-11,20,win
948,2023-09-11,21,win
949,2023-09-11,27,win
950,2023-09-11,38,win
951,2023-09-11,48,win
952,2023-09-07,37,additional
953,2023-09-07,17,win
954,2023-09-07,19,win
955,2023-09-07,24,win
956,2023-09-07,26,win
957,2023-09-07,31,win
958,2023-09-07,46,win
959,2023-09-04,35,additional
960,2023-09-04,1,win
961,2023-09-04,4,win
962,2023-09-04,12,win
963,2023-09-04,33,win
964,2023-09-04,45,win
965,2023-09-04,48,win
966,2023-08-31,47,additional
967,2023-08-31,14,win
968,2023-08-31,29,win
969,2023-08-31,31,win
970,2023-08-31,39,win
971,2023-08-31,40,win
972,2023-08-31,48,win
973,2023-08-28,34,additional
974,2023-08-28,1,win
975,2023-08-28,3,win
976,2023-08-28,7,win
977,2023-08-28,12,win
978,2023-08-28,15,win
979,2023-08-28,32,win
980,2023-08-24,9,additional
981,2023-08-24,1,win
982,2023-08-24,13,win
983,2023-08-24,26,win
984,2023-08-24,34,win
985,2023-08-24,37,win
986,2023-08-24,41,win
987,2023-08-21,11,additional
988,2023-08-21,1,win
989,2023-08-21,18,win
990,2023-08-21,21,win
991,2023-08-21,28,win
992,2023-08-21,31,win
993,2023-08-21,41,win
994,2023-08-17,12,additional
995,2023-08-17,4,win
996,2023-08-17,8,win
997,2023-08-17,32,win
998,2023-08-17,33,win
999,2023-08-17,45,win
1000,2023-08-17,47,win
1001,2023-08-14,14,additional
1002,2023-08-14,5,win
1003,2023-08-14,22,win
1004,2023-08-14,31,win
1005,2023-08-14,32,win
1006,2023-08-14,41,win
1007,2023-08-14,49,win
1008,2023-08-10,12,additional
1009,2023-08-10,3,win
1010,2023-08-10,6,win
1011,2023-08-10,16,win
1012,2023-08-10,29,win
1013,2023-08-10,37,win
1014,2023-08-10,45,win
1015,2023-08-07,16,additional
1016,2023-08-07,5,win
1017,2023-08-07,15,win
1018,2023-08-07,18,win
1019,2023-08-07,31,win
1020,2023-08-07,41,win
1021,2023-08-07,49,win
1022,2023-08-04,34,additional
1023,2023-08-04,19,win
1024,2023-08-04,25,win
1025,2023-08-04,27,win
1026,2023-08-04,28,win
1027,2023-08-04,29,win
1028,2023-08-04,48,win
1029,2023-07-31,6,additional
1030,2023-07-31,2,win
1031,2023-07-31,23,win
1032,2023-07-31,29,win
1033,2023-07-31,35,win
1034,2023-07-31,39,win
1035,2023-07-31,45,win
1036,2023-07-27,2,additional
1037,2023-07-27,8,win
1038,2023-07-27,10,win
1039,2023-07-27,21,win
1040,2023-07-27,27,win
1041,2023-07-27,34,win
1042,2023-07-27,36,win
1043,2023-07-24,45,additional
1044,2023-07-24,1,win
1045,2023-07-24,5,win
1046,2023-07-24,18,win
1047,2023-07-24,20,win
1048,2023-07-24,38,win
1049,2023-07-24,44,win
1050,2023-07-20,3,additional
1051,2023-07-20,10,win
1052,2023-07-20,20,win
1053,2023-07-20,26,win
1054,2023-07-20,39,win
1055,2023-07-20,44,win
1056,2023-07-20,46,win
1057,2023-07-17,48,additional
1058,2023-07-17,18,win
1059,2023-07-17,25,win
1060,2023-07-17,27,win
1061,2023-07-17,32,win
1062,2023-07-17,35,win
1063,2023-07-17,39,win
1064,2023-07-13,10,additional
1065,2023-07-13,4,win
1066,2023-07-13,12,win
1067,2023-07-13,14,win
1068,2023-07-13,20,win
1069,2023-07-13,21,win
1070,2023-07-13,22,win
1071,2023-07-10,24,additional
1072,2023-07-10,2,win
1073,2023-07-10,8,win
1074,2023-07-10,30,win
1075,2023-07-10,33,win
1076,2023-07-10,39,win
1077,2023-07-10,41,win
1078,2023-07-06,47,additional
1079,2023-07-06,13,win
1080,2023-07-06,16,win
1081,2023-07-06,28,win
1082,2023-07-06,34,win
1083,2023-07-06,38,win
1084,2023-07-06,40,win
1085,2023-07-03,12,additional
1086,2023-07-03,14,win
1087,2023-07-03,30,win
1088,2023-07-03,34,win
1089,2023-07-03,40,win
1090,2023-07-03,45,win
1091,2023-07-03,49,win
1092,2023-06-29,49,additional
1093,2023-06-29,5,win
1094,2023-06-29,15,win
1095,2023-06-29,16,win
1096,2023-06-29,30,win
1097,2023-06-29,37,win
1098,2023-06-29,46,win
1099,2023-06-26,31,additional
1100,2023-06-26,4,win
1101,2023-06-26,5,win
1102,2023-06-26,17,win
1103,2023-06-26,28,win
1104,2023-06-26,39,win
1105,2023-06-26,44,win
1106,2023-06-22,7,additional
1107,2023-06-22,3,win
1108,2023-06-22,9,win
1109,2023-06-22,28,win
1110,2023-06-22,32,win
1111,2023-06-22,37,win
1112,2023-06-22,46,win
1113,2023-06-19,48,additional
1114,2023-06-19,2,win
1115,2023-06-19,25,win
1116,2023-06-19,28,win
1117,2023-06-19,30,win
1118,2023-06-19,32,win
1119,2023-06-19,46,win
1120,2023-06-15,20,additional
1121,2023-06-15,6,win
1122,2023-06-15,15,win
1123,2023-06-15,17,win
1124,2023-06-15,42,win
1125,2023-06-15,46,win
1126,2023-06-15,49,win
1127,2023-06-12,7,additional
1128,2023-06-12,2,win
1129,2023-06-12,22,win
1130,2023-06-12,28,win
1131,2023-06-12,33,win
1132,2023-06-12,34,win
1133,2023-06-12,36,win
1134,2023-06-08,19,additional
1135,2023-06-08,6,win
1136,2023-06-08,21,win
1137,2023-06-08,31,win
1138,2023-06-08,32,win
1139,2023-06-08,35,win
1140,2023-06-08,48,win
1141,2023-06-05,24,additional
1142,2023-06-05,5,win
1143,2023-06-05,16,win
1144,2023-06-05,26,win
1145,2023-06-05,28,win
1146,2023-06-05,32,win
1147,2023-06-05,34,win
1148,2023-06-01,5,additional
1149,2023-06-01,7,win
1150,2023-06-01,15,win
1151,2023-06-01,33,win
1152,2023-06-01,40,win
1153,2023-06-01,45,win
1154,2023-06-01,49,win
1155,2023-05-29,20,additional
1156,2023-05-29,5,win
1157,2023-05-29,13,win
1158,2023-05-29,30,win
1159,2023-05-29,34,win
1160,2023-05-29,36,win
1161,2023-05-29,48,win
1162,2023-05-25,45,additional
1163,2023-05-25,4,win
1164,2023-05-25,15,win
1165,2023-05-25,17,win
1166,2023-05-25,35,win
1167,2023-05-25,42,win
1168,2023-05-25,48,win
1169,2023-05-22,12,additional
1170,2023-05-22,1,win
1171,2023-05-22,4,win
1172,2023-05-22,7,win
1173,2023-05-22,8,win
1174,2023-05-22,34,win
1175,2023-05-22,44,win
1176,2023-05-18,36,additional
1177,2023-05-18,7,win
1178,2023-05-18,13,win
1179,2023-05-18,18,win
1180,2023-05-18,19,win
1181,2023-05-18,25,win
1182,2023-05-18,29,win
1183,2023-05-15,30,additional
1184,2023-05-15,7,win
1185,2023-05-15,33,win
1186,2023-05-15,36,win
1187,2023-05-15,40,win
1188,2023-05-15,41,win
1189,2023-05-15,42,win
1190,2023-05-11,6,additional
1191,2023-05-11,1,win
1192,2023-05-11,11,win
1193,2023-05-11,26,win
1194,2023-05-11,38,win
1195,2023-05-11,41,win
1196,2023-05-11,44,win
1197,2023-05-08,39,additional
1198,2023-05-08,1,win
1199,2023-05-08,3,win
1200,2023-05-08,6,win
1201,2023-05-08,11,win
1202,2023-05-08,23,win
1203,2023-05-08,34,win
1204,2023-05-04,24,additional
1205,2023-05-04,16,win
1206,2023-05-04,21,win
1207,2023-05-04,25,win
1208,2023-05-04,28,win
1209,2023-05-04,37,win
1210,2023-05-04,44,win
1211,2023-05-01,46,additional
1212,2023-05-01,22,win
1213,2023-05-01,26,win
1214,2023-05-01,29,win
1215,2023-05-01,30,win
1216,2023-05-01,48,win
1217,2023-05-01,49,win
1218,2023-04-27,16,additional
1219,2023-04-27,4,win
1220,2023-04-27,9,win
1221,2023-04-27,30,win
1222,2023-04-27,32,win
1223,2023-04-27,40,win
1224,2023-04-27,49,win
1225,2023-04-24,21,additional
1226,2023-04-24,5,win
1227,2023-04-24,6,win
1228,2023-04-24,25,win
1229,2023-04-24,32,win
1230,2023-04-24,36,win
1231,2023-04-24,49,win
1232,2023-04-20,20,additional
1233,2023-04-20,11,win
1234,2023-04-20,14,win
1235,2023-04-20,21,win
1236,2023-04-20,30,win
1237,2023-04-20,37,win
1238,2023-04-20,40,win
1239,2023-04-17,34,additional
1240,2023-04-17,9,win
1241,2023-04-17,11,win
1242,2023-04-17,17,win
1243,2023-04-17,22,win
1244,2023-04-17,31,win
1245,2023-04-17,43,win
1246,2023-04-13,24,additional
1247,2023-04-13,11,win
1248,2023-04-13,21,win
1249,2023-04-13,30,win
1250,2023-04-13,31,win
1251,2023-04-13,33,win
1252,2023-04-13,38,win
1253,2023-04-10,20,additional
1254,2023-04-10,8,win
1255,2023-04-10,10,win
1256,2023-04-10,12,win
1257,2023-04-10,25,win
1258,2023-04-10,32,win
1259,2023-04-10,38,win
1260,2023-04-06,27,additional
1261,2023-04-06,6,win
1262,2023-04-06,7,win
1263,2023-04-06,31,win
1264,2023-04-06,42,win
1265,2023-04-06,46,win
1266,2023-04-06,47,win
1267,2023-04-03,1,additional
1268,2023-04-03,13,win
1269,2023-04-03,27,win
1270,2023-04-03,28,win
1271,2023-04-03,42,win
1272,2023-04-03,44,win
1273,2023-04-03,45,win
1274,2023-03-30,16,additional
1275,2023-03-30,12,win
1276,2023-03-30,26,win
1277,2023-03-30,34,win
1278,2023-03-30,39,win
1279,2023-03-30,41,win
1280,2023-03-30,49,win
1281,2023-03-27,29,additional
1282,2023-03-27,1,win
1283,2023-03-27,4,win
1284,2023-03-27,17,win
1285,2023-03-27,28,win
1286,2023-03-27,43,win
1287,2023-03-27,45,win
1288,2023-03-23,7,additional
1289,2023-03-23,14,win
1290,2023-03-23,21,win
1291,2023-03-23,26,win
1292,2023-03-23,29,win
1293,2023-03-23,37,win
1294,2023-03-23,40,win
1295,2023-03-20,37,additional
1296,2023-03-20,7,win
1297,2023-03-20,8,win
1298,2023-03-20,15,win
1299,2023-03-20,27,win
1300,2023-03-20,34,win
1301,2023-03-20,38,win
1302,2023-03-16,22,additional
1303,2023-03-16,4,win
1304,2023-03-16,14,win
1305,2023-03-16,30,win
1306,2023-03-16,33,win
1307,2023-03-16,37,win
1308,2023-03-16,42,win
1309,2023-03-13,41,additional
1310,2023-03-13,1,win
1311,2023-03-13,3,win
1312,2023-03-13,15,win
1313,2023-03-13,18,win
1314,2023-03-13,23,win
1315,2023-03-13,48,win
1316,2023-03-09,11,additional
1317,2023-03-09,1,win
1318,2023-03-09,10,win
1319,2023-03-09,30,win
1320,2023-03-09,31,win
1321,2023-03-09,38,win
1322,2023-03-09,45,win
1323,2023-03-06,1,additional
1324,2023-03-06,21,win
1325,2023-03-06,30,win
1326,2023-03-06,35,win
1327,2023-03-06,36,win
1328,2023-03-06,37,win
1329,2023-03-06,45,win
1330,2023-03-02,28,additional
1331,2023-03-02,15,win
1332,2023-03-02,22,win
1333,2023-03-02,24,win
1334,2023-03-02,26,win
1335,2023-03-02,29,win
1336,2023-03-02,36,win
1337,2023-02-27,11,additional
1338,2023-02-27,6,win
1339,2023-02-27,26,win
1340,2023-02-27,32,win
1341,2023-02-27,39,win
1342,2023-02-27,44,win
1343,2023-02-27,48,win
1344,2023-02-23,37,additional
1345,2023-02-23,2,win
1346,2023-02-23,5,win
1347,2023-02-23,19,win
1348,2023-02-23,24,win
1349,2023-02-23,34,win
1350,2023-02-23,44,win
1351,2023-02-20,18,additional
1352,2023-02-20,4,win
1353,2023-02-20,9,win
1354,2023-02-20,21,win
1355,2023-02-20,22,win
1356,2023-02-20,25,win
1357,2023-02-20,41,win
1358,2023-02-16,25,additional
1359,2023-02-16,3,win
1360,2023-02-16,10,win
1361,2023-02-16,16,win
1362,2023-02-16,24,win
1363,2023-02-16,42,win
1364,2023-02-16,46,win
1365,2023-02-13,37,additional
1366,2023-02-13,5,win
1367,2023-02-13,12,win
1368,2023-02-13,23,win
1369,2023-02-13,28,win
1370,2023-02-13,31,win
1371,2023-02-13,39,win
1372,2023-02-09,10,additional
1373,2023-02-09,18,win
1374,2023-02-09,20,win
1375,2023-02-09,27,win
1376,2023-02-09,37,win
1377,2023-02-09,43,win
1378,2023-02-09,47,win
1379,2023-02-06,5,additional
1380,2023-02-06,6,win
1381,2023-02-06,10,win
1382,2023-02-06,15,win
1383,2023-02-06,19,win
1384,2023-02-06,20,win
1385,2023-02-06,30,win
1386,2023-02-03,48,additional
1387,2023-02-03,4,win
1388,2023-02-03,6,win
1389,2023-02-03,21,win
1390,2023-02-03,25,win
1391,2023-02-03,34,win
1392,2023-02-03,40,win
1393,2023-01-30,38,additional
1394,2023-01-30,13,win
1395,2023-01-30,23,win
1396,2023-01-30,25,win
1397,2023-01-30,26,win
1398,2023-01-30,44,win
1399,2023-01-30,45,win
1400,2023-01-26,13,additional
1401,2023-01-26,2,win
1402,2023-01-26,21,win
1403,2023-01-26,34,win
1404,2023-01-26,40,win
1405,2023-01-26,43,win
1406,2023-01-26,45,win
1407,2023-01-23,3,additional
1408,2023-01-23,22,win
1409,2023-01-23,30,win
1410,2023-01-23,31,win
1411,2023-01-23,39,win
1412,2023-01-23,43,win
1413,2023-01-23,49,win
1414,2023-01-20,10,additional
1415,2023-01-20,15,win
1416,2023-01-20,29,win
1417,2023-01-20,35,win
1418,2023-01-20,47,win
1419,2023-01-20,48,win
1420,2023-01-20,49,win
1421,2023-01-16,20,additional
1422,2023-01-16,15,win
1423,2023-01-16,22,win
1424,2023-01-16,23,win
1425,2023-01-16,36,win
1426,2023-01-16,40,win
1427,2023-01-16,42,win
1428,2023-01-12,48,additional
1429,2023-01-12,2,win
1430,2023-01-12,6,win
1431,2023-01-12,8,win
1432,2023-01-12,28,win
1433,2023-01-12,31,win
1434,2023-01-12,37,win
1435,2023-01-09,46,additional
1436,2023-01-09,1,win
1437,2023-01-09,3,win
1438,2023-01-09,13,win
1439,2023-01-09,15,win
1440,2023-01-09,22,win
1441,2023-01-09,43,win
1442,2023-01-06,8,additional
1443,2023-01-06,12,win
1444,2023-01-06,22,win
1445,2023-01-06,30,win
1446,2023-01-06,32,win
1447,2023-01-06,42,win
1448,2023-01-06,49,win
1449,2023-01-02,11,additional
1450,2023-01-02,1,win
1451,2023-01-02,13,win
1452,2023-01-02,15,win
1453,2023-01-02,32,win
1454,2023-01-02,41,win
1455,2023-01-02,47,win
1456,2022-12-29,48,additional
1457,2022-12-29,12,win
1458,2022-12-29,18,win
1459,2022-12-29,25,win
1460,2022-12-29,28,win
1461,2022-12-29,30,win
1462,2022-12-29,36,win
1463,2022-12-26,41,additional
1464,2022-12-26,3,win
1465,2022-12-26,10,win
1466,2022-12-26,31,win
1467,2022-12-26,32,win
1468,2022-12-26,44,win
1469,2022-12-26,47,win
1470,2022-12-22,9,additional
1471,2022-12-22,4,win
1472,2022-12-22,11,win
1473,2022-12-22,13,win
1474,2022-12-22,16,win
1475,2022-12-22,32,win
1476,2022-12-22,46,win
1477,2022-12-19,42,additional
1478,2022-12-19,8,win
1479,2022-12-19,14,win
1480,2022-12-19,24,win
1481,2022-12-19,26,win
1482,2022-12-19,45,win
1483,2022-12-19,46,win
1484,2022-12-15,20,additional
1485,2022-12-15,4,win
1486,2022-12-15,12,win
1487,2022-12-15,17,win
1488,2022-12-15,19,win
1489,2022-12-15,24,win
1490,2022-12-15,44,win
1491,2022-12-12,13,additional
1492,2022-12-12,3,win
1493,2022-12-12,7,win
1494,2022-12-12,22,win
1495,2022-12-12,27,win
1496,2022-12-12,44,win
1497,2022-12-12,49,win
1498,2022-12-08,33,additional
1499,2022-12-08,1,win
1500,2022-12-08,6,win
1501,2022-12-08,21,win
1502,2022-12-08,35,win
1503,2022-12-08,37,win
1504,2022-12-08,46,win
1505,2022-12-05,8,additional
1506,2022-12-05,5,win
1507,2022-12-05,6,win
1508,2022-12-05,7,win
1509,2022-12-05,25,win
1510,2022-12-05,28,win
1511,2022-12-05,35,win
1512,2022-12-01,18,additional
1513,2022-12-01,3,win
1514,2022-12-01,12,win
1515,2022-12-01,20,win
1516,2022-12-01,39,win
1517,2022-12-01,40,win
1518,2022-12-01,47,win
1519,2022-11-28,14,additional
1520,2022-11-28,7,win
1521,2022-11-28,16,win
1522,2022-11-28,17,win
1523,2022-11-28,28,win
1524,2022-11-28,37,win
1525,2022-11-28,48,win
1526,2022-11-24,25,additional
1527,2022-11-24,3,win
1528,2022-11-24,8,win
1529,2022-11-24,11,win
1530,2022-11-24,21,win
1531,2022-11-24,24,win
1532,2022-11-24,31,win
1533,2022-11-21,2,additional
1534,2022-11-21,3,win
1535,2022-11-21,9,win
1536,2022-11-21,21,win
1537,2022-11-21,30,win
1538,2022-11-21,36,win
1539,2022-11-21,46,win
1540,2022-11-17,25,additional
1541,2022-11-17,1,win
1542,2022-11-17,10,win
1543,2022-11-17,16,win
1544,2022-11-17,23,win
1545,2022-11-17,38,win
1546,2022-11-17,49,win
1547,2022-11-14,32,additional
1548,2022-11-14,8,win
1549,2022-11-14,15,win
1550,2022-11-14,22,win
1551,2022-11-14,26,win
1552,2022-11-14,34,win
1553,2022-11-14,45,win
1554,2022-11-10,6,additional
1555,2022-11-10,10,win
1556,2022-11-10,23,win
1557,2022-11-10,28,win
1558,2022-11-10,35,win
1559,2022-11-10,39,win
1560,2022-11-10,46,win
1561,2022-11-07,28,additional
1562,2022-11-07,10,win
1563,2022-11-07,14,win
1564,2022-11-07,33,win
1565,2022-11-07,37,win
1566,2022-11-07,39,win
1567,2022-11-07,45,win
1568,2022-11-03,11,additional
1569,2022-11-03,13,win
1570,2022-11-03,21,win
1571,2022-11-03,24,win
1572,2022-11-03,25,win
1573,2022-11-03,26,win
1574,2022-11-03,41,win
1575,2022-10-31,36,additional
1576,2022-10-31,4,win
1577,2022-10-31,14,win
1578,2022-10-31,17,win
1579,2022-10-31,25,win
1580,2022-10-31,29,win
1581,2022-10-31,49,win
1582,2022-10-27,20,additional
1583,2022-10-27,13,win
1584,2022-10-27,16,win
1585,2022-10-27,25,win
1586,2022-10-27,41,win
1587,2022-10-27,45,win
1588,2022-10-27,46,win
1589,2022-10-24,30,additional
1590,2022-10-24,7,win
1591,2022-10-24,11,win
1592,2022-10-24,17,win
1593,2022-10-24,21,win
1594,2022-10-24,41,win
1595,2022-10-24,43,win
1596,2022-10-20,21,additional
1597,2022-10-20,2,win
1598,2022-10-20,9,win
1599,2022-10-20,19,win
1600,2022-10-20,27,win
1601,2022-10-20,33,win
1602,2022-10-20,37,win
1603,2022-10-17,15,additional
1604,2022-10-17,1,win
1605,2022-10-17,8,win
1606,2022-10-17,16,win
1607,2022-10-17,24,win
1608,2022-10-17,38,win
1609,2022-10-17,43,win
1610,2022-10-13,6,additional
1611,2022-10-13,2,win
1612,2022-10-13,4,win
1613,2022-10-13,8,win
1614,2022-10-13,17,win
1615,2022-10-13,22,win
1616,2022-10-13,40,win
1617,2022-10-10,49,additional
1618,2022-10-10,8,win
1619,2022-10-10,10,win
1620,2022-10-10,18,win
1621,2022-10-10,26,win
1622,2022-10-10,42,win
1623,2022-10-10,47,win
1624,2022-10-06,4,additional
1625,2022-10-06,10,win
1626,2022-10-06,19,win
1627,2022-10-06,20,win
1628,2022-10-06,22,win
1629,2022-10-06,26,win
1630,2022-10-06,46,win
1631,2022-10-03,39,additional
1632,2022-10-03,7,win
1633,2022-10-03,16,win
1634,2022-10-03,20,win
1635,2022-10-03,29,win
1636,2022-10-03,33,win
1637,2022-10-03,42,win
1638,2022-09-29,42,additional
1639,2022-09-29,27,win
1640,2022-09-29,29,win
1641,2022-09-29,31,win
1642,2022-09-29,44,win
1643,2022-09-29,46,win
1644,2022-09-29,49,win
1645,2022-09-26,21,additional
1646,2022-09-26,6,win
1647,2022-09-26,19,win
1648,2022-09-26,24,win
1649,2022-09-26,34,win
1650,2022-09-26,43,win
1651,2022-09-26,46,win
1652,2022-09-22,37,additional
1653,2022-09-22,3,win
1654,2022-09-22,11,win
1655,2022-09-22,19,win
1656,2022-09-22,26,win
1657,2022-09-22,43,win
1658,2022-09-22,49,win
1659,2022-09-19,16,additional
1660,2022-09-19,1,win
1661,2022-09-19,5,win
1662,2022-09-19,14,win
1663,2022-09-19,23,win
1664,2022-09-19,40,win
1665,2022-09-19,45,win
1666,2022-09-15,40,additional
1667,2022-09-15,13,win
1668,2022-09-15,15,win
1669,2022-09-15,27,win
1670,2022-09-15,29,win
1671,2022-09-15,38,win
1672,2022-09-15,45,win
1673,2022-09-12,44,additional
1674,2022-09-12,8,win
1675,2022-09-12,15,win
1676,2022-09-12,21,win
1677,2022-09-12,22,win
1678,2022-09-12,39,win
1679,2022-09-12,43,win
1680,2022-09-08,35,additional
1681,2022-09-08,1,win
1682,2022-09-08,8,win
1683,2022-09-08,11,win
1684,2022-09-08,12,win
1685,2022-09-08,22,win
1686,2022-09-08,46,win
1687,2022-09-05,3,additional
1688,2022-09-05,4,win
1689,2022-09-05,9,win
1690,2022-09-05,13,win
1691,2022-09-05,18,win
1692,2022-09-05,34,win
1693,2022-09-05,47,win
1694,2022-09-01,45,additional
1695,2022-09-01,1,win
1696,2022-09-01,18,win
1697,2022-09-01,28,win
1698,2022-09-01,42,win
1699,2022-09-01,43,win
1700,2022-09-01,48,win
1701,2022-08-29,13,additional
1702,2022-08-29,4,win
1703,2022-08-29,8,win
1704,2022-08-29,9,win
1705,2022-08-29,15,win
1706,2022-08-29,22,win
1707,2022-08-29,31,win
1708,2022-08-25,10,additional
1709,2022-08-25,3,win
1710,2022-08-25,5,win
1711,2022-08-25,13,win
1712,2022-08-25,23,win
1713,2022-08-25,24,win
1714,2022-08-25,48,win
1715,2022-08-22,47,additional
1716,2022-08-22,5,win
1717,2022-08-22,20,win
1718,2022-08-22,23,win
1719,2022-08-22,36,win
1720,2022-08-22,42,win
1721,2022-08-22,44,win
1722,2022-08-18,38,additional
1723,2022-08-18,2,win
1724,2022-08-18,4,win
1725,2022-08-18,12,win
1726,2022-08-18,18,win
1727,2022-08-18,28,win
1728,2022-08-18,43,win
1729,2022-08-15,35,additional
1730,2022-08-15,7,win
1731,2022-08-15,22,win
1732,2022-08-15,29,win
1733,2022-08-15,34,win
1734,2022-08-15,38,win
1735,2022-08-15,41,win
1736,2022-08-11,22,additional
1737,2022-08-11,10,win
1738,2022-08-11,12,win
1739,2022-08-11,16,win
1740,2022-08-11,18,win
1741,2022-08-11,32,win
1742,2022-08-11,44,win
1743,2022-08-08,29,additional
1744,2022-08-08,2,win
1745,2022-08-08,9,win
1746,2022-08-08,33,win
1747,2022-08-08,34,win
1748,2022-08-08,37,win
1749,2022-08-08,49,win
1750,2022-08-05,8,additional
1751,2022-08-05,14,win
1752,2022-08-05,18,win
1753,2022-08-05,24,win
1754,2022-08-05,37,win
1755,2022-08-05,43,win
1756,2022-08-05,45,win
1757,2022-08-01,26,additional
1758,2022-08-01,3,win
1759,2022-08-01,10,win
1760,2022-08-01,12,win
1761,2022-08-01,29,win
1762,2022-08-01,45,win
1763,2022-08-01,47,win
1764,2022-07-28,7,additional
1765,2022-07-28,1,win
1766,2022-07-28,2,win
1767,2022-07-28,25,win
1768,2022-07-28,33,win
1769,2022-07-28,36,win
1770,2022-07-28,40,win
1771,2022-07-25,40,additional
1772,2022-07-25,2,win
1773,2022-07-25,6,win
1774,2022-07-25,29,win
1775,2022-07-25,30,win
1776,2022-07-25,31,win
1777,2022-07-25,44,win
1778,2022-07-21,39,additional
1779,2022-07-21,4,win
1780,2022-07-21,15,win
1781,2022-07-21,31,win
1782,2022-07-21,42,win
1783,2022-07-21,43,win
1784,2022-07-21,47,win
1785,2022-07-18,9,additional
1786,2022-07-18,3,win
1787,2022-07-18,20,win
1788,2022-07-18,36,win
1789,2022-07-18,41,win
1790,2022-07-18,43,win
1791,2022-07-18,47,win
1792,2022-07-14,9,additional
1793,2022-07-14,8,win
1794,2022-07-14,10,win
1795,2022-07-14,15,win
1796,2022-07-14,36,win
1797,2022-07-14,39,win
1798,2022-07-14,44,win
1799,2022-07-11,42,additional
1800,2022-07-11,1,win
1801,2022-07-11,6,win
1802,2022-07-11,13,win
1803,2022-07-11,25,win
1804,2022-07-11,34,win
1805,2022-07-11,43,win
1806,2022-07-07,7,additional
1807,2022-07-07,16,win
1808,2022-07-07,17,win
1809,2022-07-07,20,win
1810,2022-07-07,33,win
1811,2022-07-07,39,win
1812,2022-07-07,49,win
1813,2022-07-04,15,additional
1814,2022-07-04,2,win
1815,2022-07-04,3,win
1816,2022-07-04,9,win
1817,2022-07-04,27,win
1818,2022-07-04,28,win
1819,2022-07-04,38,win
1820,2022-06-30,38,additional
1821,2022-06-30,2,win
1822,2022-06-30,15,win
1823,2022-06-30,17,win
1824,2022-06-30,27,win
1825,2022-06-30,41,win
1826,2022-06-30,48,win
1827,2022-06-27,41,additional
1828,2022-06-27,21,win
1829,2022-06-27,24,win
1830,2022-06-27,27,win
1831,2022-06-27,32,win
1832,2022-06-27,34,win
1833,2022-06-27,38,win
1834,2022-06-23,11,additional
1835,2022-06-23,24,win
1836,2022-06-23,27,win
1837,2022-06-23,32,win
1838,2022-06-23,38,win
1839,2022-06-23,46,win
1840,2022-06-23,49,win
1841,2022-06-20,1,additional
1842,2022-06-20,20,win
1843,2022-06-20,25,win
1844,2022-06-20,28,win
1845,2022-06-20,33,win
1846,2022-06-20,40,win
1847,2022-06-20,49,win
1848,2022-06-16,36,additional
1849,2022-06-16,2,win
1850,2022-06-16,7,win
1851,2022-06-16,16,win
1852,2022-06-16,18,win
1853,2022-06-16,24,win
1854,2022-06-16,45,win
1855,2022-06-13,49,additional
1856,2022-06-13,3,win
1857,2022-06-13,5,win
1858,2022-06-13,12,win
1859,2022-06-13,16,win
1860,2022-06-13,30,win
1861,2022-06-13,45,win
1862,2022-06-09,44,additional
1863,2022-06-09,7,win
1864,2022-06-09,14,win
1865,2022-06-09,15,win
1866,2022-06-09,16,win
1867,2022-06-09,17,win
1868,2022-06-09,38,win
1869,2022-06-06,16,additional
1870,2022-06-06,12,win
1871,2022-06-06,28,win
1872,2022-06-06,29,win
1873,2022-06-06,34,win
1874,2022-06-06,41,win
1875,2022-06-06,47,win
1876,2022-06-02,41,additional
1877,2022-06-02,12,win
1878,2022-06-02,19,win
1879,2022-06-02,26,win
1880,2022-06-02,28,win
1881,2022-06-02,46,win
1882,2022-06-02,49,win
1883,2022-05-30,29,additional
1884,2022-05-30,8,win
1885,2022-05-30,13,win
1886,2022-05-30,19,win
1887,2022-05-30,34,win
1888,2022-05-30,37,win
1889,2022-05-30,47,win
1890,2022-05-26,2,additional
1891,2022-05-26,6,win
1892,2022-05-26,11,win
1893,2022-05-26,30,win
1894,2022-05-26,34,win
1895,2022-05-26,43,win
1896,2022-05-26,45,win
1897,2022-05-23,22,additional
1898,2022-05-23,7,win
1899,2022-05-23,10,win
1900,2022-05-23,16,win
1901,2022-05-23,21,win
1902,2022-05-23,27,win
1903,2022-05-23,35,win
1904,2022-05-19,31,additional
1905,2022-05-19,5,win
1906,2022-05-19,8,win
1907,2022-05-19,13,win
1908,2022-05-19,20,win
1909,2022-05-19,21,win
1910,2022-05-19,46,win
1911,2022-05-16,9,additional
1912,2022-05-16,21,win
1913,2022-05-16,22,win
1914,2022-05-16,40,win
1915,2022-05-16,41,win
1916,2022-05-16,42,win
1917,2022-05-16,46,win
1918,2022-05-12,10,additional
1919,2022-05-12,15,win
1920,2022-05-12,20,win
1921,2022-05-12,36,win
1922,2022-05-12,38,win
1923,2022-05-12,41,win
1924,2022-05-12,46,win
1925,2022-05-09,6,additional
1926,2022-05-09,5,win
1927,2022-05-09,12,win
1928,2022-05-09,15,win
1929,2022-05-09,21,win
1930,2022-05-09,30,win
1931,2022-05-09,39,win
1932,2022-05-05,1,additional
1933,2022-05-05,7,win
1934,2022-05-05,13,win
1935,2022-05-05,35,win
1936,2022-05-05,39,win
1937,2022-05-05,41,win
1938,2022-05-05,45,win
1939,2022-05-02,13,additional
1940,2022-05-02,12,win
1941,2022-05-02,14,win
1942,2022-05-02,23,win
1943,2022-05-02,32,win
1944,2022-05-02,35,win
1945,2022-05-02,38,win
1946,2022-04-28,44,additional
1947,2022-04-28,5,win
1948,2022-04-28,6,win
1949,2022-04-28,11,win
1950,2022-04-28,16,win
1951,2022-04-28,22,win
1952,2022-04-28,37,win
1953,2022-04-25,23,additional
1954,2022-04-25,6,win
1955,2022-04-25,16,win
1956,2022-04-25,26,win
1957,2022-04-25,32,win
1958,2022-04-25,39,win
1959,2022-04-25,47,win
1960,2022-04-21,20,additional
1961,2022-04-21,13,win
1962,2022-04-21,16,win
1963,2022-04-21,19,win
1964,2022-04-21,32,win
1965,2022-04-21,38,win
1966,2022-04-21,43,win
1967,2022-04-18,49,additional
1968,2022-04-18,12,win
1969,2022-04-18,20,win
1970,2022-04-18,33,win
1971,2022-04-18,39,win
1972,2022-04-18,42,win
1973,2022-04-18,48,win
1974,2022-04-14,36,additional
1975,2022-04-14,4,win
1976,2022-04-14,6,win
1977,2022-04-14,23,win
1978,2022-04-14,26,win
1979,2022-04-14,29,win
1980,2022-04-14,30,win
1981,2022-04-11,6,additional
1982,2022-04-11,2,win
1983,2022-04-11,12,win
1984,2022-04-11,18,win
1985,2022-04-11,27,win
1986,2022-04-11,36,win
1987,2022-04-11,49,win
1988,2022-04-07,9,additional
1989,2022-04-07,1,win
1990,2022-04-07,7,win
1991,2022-04-07,10,win
1992,2022-04-07,28,win
1993,2022-04-07,31,win
1994,2022-04-07,44,win
1995,2022-04-04,44,additional
1996,2022-04-04,14,win
1997,2022-04-04,15,win
1998,2022-04-04,28,win
1999,2022-04-04,31,win
2000,2022-04-04,40,win
2001,2022-04-04,42,win
2002,2022-03-31,47,additional
2003,2022-03-31,1,win
2004,2022-03-31,4,win
2005,2022-03-31,10,win
2006,2022-03-31,22,win
2007,2022-03-31,24,win
2008,2022-03-31,45,win
2009,2022-03-28,14,additional
2010,2022-03-28,5,win
2011,2022-03-28,9,win
2012,2022-03-28,10,win
2013,2022-03-28,12,win
2014,2022-03-28,39,win
2015,2022-03-28,44,win
2016,2022-03-24,2,additional
2017,2022-03-24,3,win
2018,2022-03-24,12,win
2019,2022-03-24,15,win
2020,2022-03-24,22,win
2021,2022-03-24,34,win
2022,2022-03-24,45,win
2023,2022-03-21,2,additional
2024,2022-03-21,1,win
2025,2022-03-21,20,win
2026,2022-03-21,22,win
2027,2022-03-21,23,win
2028,2022-03-21,24,win
2029,2022-03-21,31,win
2030,2022-03-17,17,additional
2031,2022-03-17,5,win
2032,2022-03-17,7,win
2033,2022-03-17,30,win
2034,2022-03-17,42,win
2035,2022-03-17,47,win
2036,2022-03-17,49,win
2037,2022-03-14,25,additional
2038,2022-03-14,19,win
2039,2022-03-14,37,win
2040,2022-03-14,38,win
2041,2022-03-14,45,win
2042,2022-03-14,47,win
2043,2022-03-14,49,win
2044,2022-03-10,44,additional
2045,2022-03-10,1,win
2046,2022-03-10,8,win
2047,2022-03-10,25,win
2048,2022-03-10,32,win
2049,2022-03-10,45,win
2050,2022-03-10,46,win
2051,2022-03-07,40,additional
2052,2022-03-07,19,win
2053,2022-03-07,22,win
2054,2022-03-07,24,win
2055,2022-03-07,28,win
2056,2022-03-07,29,win
2057,2022-03-07,42,win
2058,2022-03-03,45,additional
2059,2022-03-03,8,win
2060,2022-03-03,13,win
2061,2022-03-03,24,win
2062,2022-03-03,30,win
2063,2022-03-03,40,win
2064,2022-03-03,44,win
2065,2022-02-28,33,additional
2066,2022-02-28,1,win
2067,2022-02-28,9,win
2068,2022-02-28,20,win
2069,2022-02-28,27,win
2070,2022-02-28,37,win
2071,2022-02-28,49,win
2072,2022-02-24,14,additional
2073,2022-02-24,4,win
2074,2022-02-24,11,win
2075,2022-02-24,15,win
2076,2022-02-24,25,win
2077,2022-02-24,41,win
2078,2022-02-24,48,win
2079,2022-02-21,25,additional
2080,2022-02-21,1,win
2081,2022-02-21,19,win
2082,2022-02-21,22,win
2083,2022-02-21,27,win
2084,2022-02-21,37,win
2085,2022-02-21,44,win
2086,2022-02-17,49,additional
2087,2022-02-17,1,win
2088,2022-02-17,4,win
2089,2022-02-17,19,win
2090,2022-02-17,35,win
2091,2022-02-17,37,win
2092,2022-02-17,45,win
2093,2022-02-14,8,additional
2094,2022-02-14,10,win
2095,2022-02-14,23,win
2096,2022-02-14,29,win
2097,2022-02-14,33,win
2098,2022-02-14,37,win
2099,2022-02-14,43,win
2100,2022-02-11,10,additional
2101,2022-02-11,9,win
2102,2022-02-11,13,win
2103,2022-02-11,14,win
2104,2022-02-11,16,win
2105,2022-02-11,18,win
2106,2022-02-11,28,win
2107,2022-02-07,44,additional
2108,2022-02-07,1,win
2109,2022-02-07,11,win
2110,2022-02-07,17,win
2111,2022-02-07,28,win
2112,2022-02-07,32,win
2113,2022-02-07,35,win
2114,2022-02-03,18,additional
2115,2022-02-03,15,win
2116,2022-02-03,28,win
2117,2022-02-03,31,win
2118,2022-02-03,32,win
2119,2022-02-03,44,win
2120,2022-02-03,49,win
2121,2022-01-31,38,additional
2122,2022-01-31,5,win
2123,2022-01-31,6,win
2124,2022-01-31,10,win
2125,2022-01-31,22,win
2126,2022-01-31,23,win
2127,2022-01-31,40,win
2128,2022-01-27,39,additional
2129,2022-01-27,7,win
2130,2022-01-27,21,win
2131,2022-01-27,27,win
2132,2022-01-27,30,win
2133,2022-01-27,32,win
2134,2022-01-27,34,win
2135,2022-01-24,39,additional
2136,2022-01-24,1,win
2137,2022-01-24,8,win
2138,2022-01-24,10,win
2139,2022-01-24,31,win
2140,2022-01-24,32,win
2141,2022-01-24,38,win
2142,2022-01-21,49,additional
2143,2022-01-21,2,win
2144,2022-01-21,4,win
2145,2022-01-21,11,win
2146,2022-01-21,13,win
2147,2022-01-21,28,win
2148,2022-01-21,38,win
2149,2022-01-17,29,additional
2150,2022-01-17,4,win
2151,2022-01-17,13,win
2152,2022-01-17,26,win
2153,2022-01-17,31,win
2154,2022-01-17,33,win
2155,2022-01-17,35,win
2156,2022-01-13,34,additional
2157,2022-01-13,3,win
2158,2022-01-13,6,win
2159,2022-01-13,18,win
2160,2022-01-13,20,win
2161,2022-01-13,26,win
2162,2022-01-13,35,win
2163,2022-01-10,48,additional
2164,2022-01-10,8,win
2165,2022-01-10,11,win
2166,2022-01-10,17,win
2167,2022-01-10,21,win
2168,2022-01-10,30,win
2169,2022-01-10,44,win
2170,2022-01-07,32,additional
2171,2022-01-07,3,win
2172,2022-01-07,8,win
2173,2022-01-07,11,win
2174,2022-01-07,20,win
2175,2022-01-07,44,win
2176,2022-01-07,49,win
2177,2022-01-03,49,additional
2178,2022-01-03,6,win
2179,2022-01-03,12,win
2180,2022-01-03,20,win
2181,2022-01-03,33,win
2182,2022-01-03,46,win
2183,2022-01-03,47,win
2184,2021-12-30,29,additional
2185,2021-12-30,4,win
2186,2021-12-30,7,win
2187,2021-12-30,12,win
2188,2021-12-30,13,win
2189,2021-12-30,21,win
2190,2021-12-30,35,win
2191,2021-12-27,7,additional
2192,2021-12-27,3,win
2193,2021-12-27,9,win
2194,2021-12-27,13,win
2195,2021-12-27,23,win
2196,2021-12-27,24,win
2197,2021-12-27,44,win
